sentence_id,set_id,valence,emotion_word,pronoun_word,sentence
1,1,pos,happy,I,"When I think about the future, I feel happy."
2,1,neu,normal,I,"When I think about the future, I feel normal."
3,1,neg,awful,I,"When I think about the future, I feel awful."
4,2,pos,energized,I,"Right now, I feel energized."
5,2,neu,regular,I,"Right now, I feel regular."
6,2,neg,burned out,I,"Right now, I feel burned out."
7,3,pos,calm,I,Calm is what I feel after I finally sit down.
8,3,neu,typical,I,Typical is what I feel after I finally sit down.
9,3,neg,horrible,I,Horrible is what I feel after I finally sit down.
10,4,pos,connected,I,Connected is what I feel after talking to people online.
11,4,neu,normal,I,Normal is what I feel after talking to people online.
12,4,neg,isolated,I,Isolated is what I feel after talking to people online.
13,5,pos,proud,I,I feel proud when I actually finish something.
14,5,neu,ordinary,I,I feel ordinary when I actually finish something.
15,5,neg,embarrassed,I,I feel embarrassed when I actually finish something.
16,6,pos,safe,I,"Most days, I feel safe at home."
17,6,neu,routine,I,"Most days, I feel routine at home."
18,6,neg,uneasy,I,"Most days, I feel uneasy at home."
19,7,pos,motivated,I,Motivated is what I feel when I start a task.
20,7,neu,typical,I,Typical is what I feel when I start a task.
21,7,neg,daunted,I,Daunted is what I feel when I start a task.
22,8,pos,interested,I,I feel interested when something new pops up.
23,8,neu,standard,I,I feel standard when something new pops up.
24,8,neg,detached,I,I feel detached when something new pops up.
25,9,pos,rested,I,"After I wake up, I feel rested."
26,9,neu,normal,I,"After I wake up, I feel normal."
27,9,neg,drained,I,"After I wake up, I feel drained."
28,10,pos,confident,I,Confident is what I feel about my plans.
29,10,neu,usual,I,Usual is what I feel about my plans.
30,10,neg,lost,I,Lost is what I feel about my plans.
31,11,pos,relieved,I,I feel relieved after I get some space.
32,11,neu,normal,I,I feel normal after I get some space.
33,11,neg,stressed,I,I feel stressed after I get some space.
34,12,pos,grateful,I,Grateful is what I feel when someone checks in.
35,12,neu,regular,I,Regular is what I feel when someone checks in.
36,12,neg,hollow,I,Hollow is what I feel when someone checks in.
37,13,pos,excited,I,"Right now, I feel excited about what’s coming."
38,13,neu,typical,I,"Right now, I feel typical about what’s coming."
39,13,neg,worried,I,"Right now, I feel worried about what’s coming."
40,14,pos,content,I,I feel content when the day finally slows down.
41,14,neu,ordinary,I,I feel ordinary when the day finally slows down.
42,14,neg,trapped,I,I feel trapped when the day finally slows down.
43,15,pos,optimistic,I,Optimistic is what I feel after thinking it through.
44,15,neu,usual,I,Usual is what I feel after thinking it through.
45,15,neg,discouraged,I,Discouraged is what I feel after thinking it through.
46,16,pos,supported,I,Supported is what I feel after talking it out.
47,16,neu,standard,I,Standard is what I feel after talking it out.
48,16,neg,ignored,I,Ignored is what I feel after talking it out.
49,17,pos,refreshed,I,I feel refreshed after I take a short break.
50,17,neu,normal,I,I feel normal after I take a short break.
51,17,neg,miserable,I,I feel miserable after I take a short break.
52,18,pos,inspired,I,I feel inspired when I see someone do well.
53,18,neu,regular,I,I feel regular when I see someone do well.
54,18,neg,frustrated,I,I feel frustrated when I see someone do well.
55,19,pos,cheerful,I,"Most days, I feel cheerful in the morning."
56,19,neu,typical,I,"Most days, I feel typical in the morning."
57,19,neg,defeated,I,"Most days, I feel defeated in the morning."
58,20,pos,peaceful,I,Peaceful is what I feel when everything goes quiet.
59,20,neu,usual,I,Usual is what I feel when everything goes quiet.
60,20,neg,restless,I,Restless is what I feel when everything goes quiet.
